[
    {
        "model": "admin.logentry",
        "pk": 1,
        "fields": {
            "action_time": "2023-11-12T11:59:34.385Z",
            "user": 1,
            "content_type": 8,
            "object_id": "1",
            "object_repr": "Mercedes-Benz",
            "action_flag": 1,
            "change_message": "[{\"added\": {}}]"
        }
    },
    {
        "model": "admin.logentry",
        "pk": 2,
        "fields": {
            "action_time": "2023-11-12T11:59:44.236Z",
            "user": 1,
            "content_type": 8,
            "object_id": "2",
            "object_repr": "Mazda",
            "action_flag": 1,
            "change_message": "[{\"added\": {}}]"
        }
    },
    {
        "model": "admin.logentry",
        "pk": 3,
        "fields": {
            "action_time": "2023-11-12T11:59:53.025Z",
            "user": 1,
            "content_type": 8,
            "object_id": "3",
            "object_repr": "Peugeot",
            "action_flag": 1,
            "change_message": "[{\"added\": {}}]"
        }
    },
    {
        "model": "admin.logentry",
        "pk": 4,
        "fields": {
            "action_time": "2023-11-12T11:59:59.008Z",
            "user": 1,
            "content_type": 8,
            "object_id": "4",
            "object_repr": "Renault",
            "action_flag": 1,
            "change_message": "[{\"added\": {}}]"
        }
    },
    {
        "model": "admin.logentry",
        "pk": 5,
        "fields": {
            "action_time": "2023-11-12T12:00:26.418Z",
            "user": 1,
            "content_type": 7,
            "object_id": "1",
            "object_repr": "Mercedes-Benz Classe A",
            "action_flag": 1,
            "change_message": "[{\"added\": {}}]"
        }
    },
    {
        "model": "admin.logentry",
        "pk": 6,
        "fields": {
            "action_time": "2023-11-12T12:00:36.838Z",
            "user": 1,
            "content_type": 7,
            "object_id": "2",
            "object_repr": "Mercedes-Benz Classe B",
            "action_flag": 1,
            "change_message": "[{\"added\": {}}]"
        }
    },
    {
        "model": "admin.logentry",
        "pk": 7,
        "fields": {
            "action_time": "2023-11-12T12:00:51.468Z",
            "user": 1,
            "content_type": 7,
            "object_id": "3",
            "object_repr": "Peugeot 106",
            "action_flag": 1,
            "change_message": "[{\"added\": {}}]"
        }
    },
    {
        "model": "admin.logentry",
        "pk": 8,
        "fields": {
            "action_time": "2023-11-12T12:01:13.003Z",
            "user": 1,
            "content_type": 7,
            "object_id": "4",
            "object_repr": "Peugeot 206",
            "action_flag": 1,
            "change_message": "[{\"added\": {}}]"
        }
    },
    {
        "model": "admin.logentry",
        "pk": 9,
        "fields": {
            "action_time": "2023-11-12T12:01:23.955Z",
            "user": 1,
            "content_type": 7,
            "object_id": "5",
            "object_repr": "Renault Clio",
            "action_flag": 1,
            "change_message": "[{\"added\": {}}]"
        }
    },
    {
        "model": "admin.logentry",
        "pk": 10,
        "fields": {
            "action_time": "2023-11-12T12:01:35.528Z",
            "user": 1,
            "content_type": 7,
            "object_id": "6",
            "object_repr": "Renault Master",
            "action_flag": 1,
            "change_message": "[{\"added\": {}}]"
        }
    },
    {
        "model": "admin.logentry",
        "pk": 11,
        "fields": {
            "action_time": "2023-11-12T12:20:31.513Z",
            "user": 1,
            "content_type": 9,
            "object_id": "1",
            "object_repr": "(Mercedes-Benz) Classe A (Mercedes-Benz) - 2012",
            "action_flag": 1,
            "change_message": "[{\"added\": {}}]"
        }
    },
    {
        "model": "admin.logentry",
        "pk": 12,
        "fields": {
            "action_time": "2023-11-12T19:42:24.480Z",
            "user": 1,
            "content_type": 9,
            "object_id": "2",
            "object_repr": "(Mercedes-Benz) Classe A - 2012",
            "action_flag": 1,
            "change_message": "[{\"added\": {}}]"
        }
    },
    {
        "model": "admin.logentry",
        "pk": 13,
        "fields": {
            "action_time": "2023-11-12T19:44:15.335Z",
            "user": 1,
            "content_type": 9,
            "object_id": "3",
            "object_repr": "(Renault) Clio - 2018",
            "action_flag": 1,
            "change_message": "[{\"added\": {}}]"
        }
    },
    {
        "model": "admin.logentry",
        "pk": 14,
        "fields": {
            "action_time": "2023-11-12T21:49:10.583Z",
            "user": 1,
            "content_type": 9,
            "object_id": "2",
            "object_repr": "(Mercedes-Benz) Classe A - 2012",
            "action_flag": 2,
            "change_message": "[{\"changed\": {\"fields\": [\"Car photo 1\", \"Car photo 2\"]}}]"
        }
    },
    {
        "model": "admin.logentry",
        "pk": 15,
        "fields": {
            "action_time": "2023-11-12T21:55:25.944Z",
            "user": 1,
            "content_type": 9,
            "object_id": "3",
            "object_repr": "(Renault) Clio - 2018",
            "action_flag": 2,
            "change_message": "[{\"changed\": {\"fields\": [\"Car photo 1\", \"Car photo 2\", \"Car photo 3\", \"Car photo 4\"]}}]"
        }
    },
    {
        "model": "admin.logentry",
        "pk": 16,
        "fields": {
            "action_time": "2023-11-12T22:07:04.511Z",
            "user": 1,
            "content_type": 9,
            "object_id": "1",
            "object_repr": "(Mercedes-Benz) Classe A - 2018",
            "action_flag": 2,
            "change_message": "[{\"changed\": {\"fields\": [\"Annee fabrication\", \"Carburant\", \"Cruise Control\", \"Direction assist\\u00e9e\", \"Audio Interface\", \"Airbags\", \"Air Conditioninne\", \"Siege Chauffant\", \"Alarm System\", \"Park Assist\", \"Camera de Recul\", \"Start Stop\", \"Essui-glace Auto\", \"Car Play-System\", \"Car photo 1\", \"Car photo 2\", \"Car photo 3\", \"Car photo 4\", \"Car photo 5\", \"Prix\"]}}]"
        }
    },
    {
        "model": "admin.logentry",
        "pk": 17,
        "fields": {
            "action_time": "2023-11-12T22:14:13.336Z",
            "user": 1,
            "content_type": 9,
            "object_id": "2",
            "object_repr": "(Mercedes-Benz) Classe A - 2012",
            "action_flag": 2,
            "change_message": "[{\"changed\": {\"fields\": [\"Vendu\"]}}]"
        }
    },
    {
        "model": "admin.logentry",
        "pk": 18,
        "fields": {
            "action_time": "2023-11-12T22:20:52.933Z",
            "user": 1,
            "content_type": 7,
            "object_id": "7",
            "object_repr": "3008",
            "action_flag": 1,
            "change_message": "[{\"added\": {}}]"
        }
    },
    {
        "model": "admin.logentry",
        "pk": 19,
        "fields": {
            "action_time": "2023-11-12T22:25:37.145Z",
            "user": 1,
            "content_type": 9,
            "object_id": "4",
            "object_repr": "(Peugeot) 3008 - 2015",
            "action_flag": 1,
            "change_message": "[{\"added\": {}}]"
        }
    },
    {
        "model": "admin.logentry",
        "pk": 20,
        "fields": {
            "action_time": "2023-11-12T22:32:51.928Z",
            "user": 1,
            "content_type": 8,
            "object_id": "5",
            "object_repr": "Audi",
            "action_flag": 1,
            "change_message": "[{\"added\": {}}]"
        }
    },
    {
        "model": "admin.logentry",
        "pk": 21,
        "fields": {
            "action_time": "2023-11-12T22:33:06.865Z",
            "user": 1,
            "content_type": 7,
            "object_id": "8",
            "object_repr": "A3",
            "action_flag": 1,
            "change_message": "[{\"added\": {}}]"
        }
    },
    {
        "model": "admin.logentry",
        "pk": 22,
        "fields": {
            "action_time": "2023-11-19T13:25:59.771Z",
            "user": 1,
            "content_type": 9,
            "object_id": "4",
            "object_repr": "(Peugeot) 3008 - 2015",
            "action_flag": 2,
            "change_message": "[{\"changed\": {\"fields\": [\"R\\u00e9server\"]}}]"
        }
    },
    {
        "model": "admin.logentry",
        "pk": 23,
        "fields": {
            "action_time": "2023-11-19T23:39:59.687Z",
            "user": 3,
            "content_type": 11,
            "object_id": "1",
            "object_repr": "Sortie-Fouriere",
            "action_flag": 1,
            "change_message": "[{\"added\": {}}]"
        }
    },
    {
        "model": "admin.logentry",
        "pk": 24,
        "fields": {
            "action_time": "2023-11-19T23:42:34.638Z",
            "user": 3,
            "content_type": 11,
            "object_id": "2",
            "object_repr": "Passage au controle technique de vente",
            "action_flag": 1,
            "change_message": "[{\"added\": {}}]"
        }
    },
    {
        "model": "admin.logentry",
        "pk": 25,
        "fields": {
            "action_time": "2023-11-19T23:43:25.592Z",
            "user": 3,
            "content_type": 11,
            "object_id": "3",
            "object_repr": "Passage au controle technique annuel",
            "action_flag": 1,
            "change_message": "[{\"added\": {}}]"
        }
    },
    {
        "model": "admin.logentry",
        "pk": 26,
        "fields": {
            "action_time": "2023-11-19T23:46:06.279Z",
            "user": 3,
            "content_type": 11,
            "object_id": "4",
            "object_repr": "Deplacement de vehicule courte distance",
            "action_flag": 1,
            "change_message": "[{\"added\": {}}]"
        }
    },
    {
        "model": "admin.logentry",
        "pk": 27,
        "fields": {
            "action_time": "2023-11-19T23:50:54.367Z",
            "user": 3,
            "content_type": 11,
            "object_id": "5",
            "object_repr": "Service de Déplacement de Véhicule Longue Distance",
            "action_flag": 1,
            "change_message": "[{\"added\": {}}]"
        }
    },
    {
        "model": "admin.logentry",
        "pk": 28,
        "fields": {
            "action_time": "2023-11-19T23:51:10.316Z",
            "user": 3,
            "content_type": 11,
            "object_id": "5",
            "object_repr": "Déplacement de Véhicule Longue Distance",
            "action_flag": 2,
            "change_message": "[{\"changed\": {\"fields\": [\"Nom\"]}}]"
        }
    },
    {
        "model": "admin.logentry",
        "pk": 29,
        "fields": {
            "action_time": "2023-11-20T00:03:12.450Z",
            "user": 3,
            "content_type": 12,
            "object_id": "1",
            "object_repr": "(user) : dtfyguhijokpl;",
            "action_flag": 1,
            "change_message": "[{\"added\": {}}]"
        }
    },
    {
        "model": "admin.logentry",
        "pk": 30,
        "fields": {
            "action_time": "2023-11-20T00:04:04.024Z",
            "user": 3,
            "content_type": 12,
            "object_id": "1",
            "object_repr": "(user) : Je suis extrêmement satisfait du service de déplacement de véhicule courte distance. La ponctualité et le professionnalisme de l'équipe ont dépassé mes attentes. Mon véhicule a été pris en ch",
            "action_flag": 2,
            "change_message": "[{\"changed\": {\"fields\": [\"Comment\", \"Service id\"]}}]"
        }
    },
    {
        "model": "admin.logentry",
        "pk": 31,
        "fields": {
            "action_time": "2023-11-20T00:07:33.394Z",
            "user": 3,
            "content_type": 12,
            "object_id": "2",
            "object_repr": "(nono) : Un immense merci à l'équipe pour le service exceptionnel de déplacement de véhicule longue distance. Ils ont pris en charge tous les détails, de la planification minutieuse du trajet à la liv",
            "action_flag": 1,
            "change_message": "[{\"added\": {}}]"
        }
    },
    {
        "model": "admin.logentry",
        "pk": 32,
        "fields": {
            "action_time": "2023-11-20T00:09:56.875Z",
            "user": 3,
            "content_type": 12,
            "object_id": "3",
            "object_repr": "(monir) : Je tiens à exprimer ma gratitude envers l'équipe pour le service exceptionnel de sortie de fourrière. Ils ont agi rapidement et de manière efficace pour récupérer mon véhicule, démêlant tout",
            "action_flag": 1,
            "change_message": "[{\"added\": {}}]"
        }
    },
    {
        "model": "admin.logentry",
        "pk": 33,
        "fields": {
            "action_time": "2023-11-20T00:10:18.007Z",
            "user": 3,
            "content_type": 8,
            "object_id": "6",
            "object_repr": "Ford",
            "action_flag": 1,
            "change_message": "[{\"added\": {}}]"
        }
    },
    {
        "model": "admin.logentry",
        "pk": 34,
        "fields": {
            "action_time": "2023-11-20T00:10:33.566Z",
            "user": 3,
            "content_type": 8,
            "object_id": "7",
            "object_repr": "VolksWagen",
            "action_flag": 1,
            "change_message": "[{\"added\": {}}]"
        }
    },
    {
        "model": "admin.logentry",
        "pk": 35,
        "fields": {
            "action_time": "2023-11-20T00:10:51.840Z",
            "user": 3,
            "content_type": 8,
            "object_id": "8",
            "object_repr": "Hyundai",
            "action_flag": 1,
            "change_message": "[{\"added\": {}}]"
        }
    },
    {
        "model": "admin.logentry",
        "pk": 36,
        "fields": {
            "action_time": "2023-11-20T00:10:58.573Z",
            "user": 3,
            "content_type": 8,
            "object_id": "9",
            "object_repr": "Toyota",
            "action_flag": 1,
            "change_message": "[{\"added\": {}}]"
        }
    },
    {
        "model": "admin.logentry",
        "pk": 37,
        "fields": {
            "action_time": "2023-11-20T00:11:03.097Z",
            "user": 3,
            "content_type": 8,
            "object_id": "10",
            "object_repr": "Nissan",
            "action_flag": 1,
            "change_message": "[{\"added\": {}}]"
        }
    },
    {
        "model": "admin.logentry",
        "pk": 38,
        "fields": {
            "action_time": "2023-11-20T00:11:10.234Z",
            "user": 3,
            "content_type": 8,
            "object_id": "11",
            "object_repr": "Subaru",
            "action_flag": 1,
            "change_message": "[{\"added\": {}}]"
        }
    },
    {
        "model": "admin.logentry",
        "pk": 39,
        "fields": {
            "action_time": "2023-11-20T00:11:19.653Z",
            "user": 3,
            "content_type": 8,
            "object_id": "12",
            "object_repr": "Land-Rover",
            "action_flag": 1,
            "change_message": "[{\"added\": {}}]"
        }
    },
    {
        "model": "admin.logentry",
        "pk": 40,
        "fields": {
            "action_time": "2023-11-20T00:11:26.465Z",
            "user": 3,
            "content_type": 8,
            "object_id": "13",
            "object_repr": "Alfa-Romeo",
            "action_flag": 1,
            "change_message": "[{\"added\": {}}]"
        }
    },
    {
        "model": "admin.logentry",
        "pk": 41,
        "fields": {
            "action_time": "2023-11-20T00:11:39.044Z",
            "user": 3,
            "content_type": 8,
            "object_id": "14",
            "object_repr": "Kia",
            "action_flag": 1,
            "change_message": "[{\"added\": {}}]"
        }
    },
    {
        "model": "admin.logentry",
        "pk": 42,
        "fields": {
            "action_time": "2023-11-20T00:11:43.742Z",
            "user": 3,
            "content_type": 8,
            "object_id": "15",
            "object_repr": "Jeep",
            "action_flag": 1,
            "change_message": "[{\"added\": {}}]"
        }
    },
    {
        "model": "admin.logentry",
        "pk": 43,
        "fields": {
            "action_time": "2023-11-20T00:12:01.251Z",
            "user": 3,
            "content_type": 8,
            "object_id": "16",
            "object_repr": "Suzuki",
            "action_flag": 1,
            "change_message": "[{\"added\": {}}]"
        }
    },
    {
        "model": "admin.logentry",
        "pk": 44,
        "fields": {
            "action_time": "2023-11-20T00:12:09.801Z",
            "user": 3,
            "content_type": 8,
            "object_id": "17",
            "object_repr": "Volvo",
            "action_flag": 1,
            "change_message": "[{\"added\": {}}]"
        }
    },
    {
        "model": "admin.logentry",
        "pk": 45,
        "fields": {
            "action_time": "2023-11-20T00:12:22.363Z",
            "user": 3,
            "content_type": 8,
            "object_id": "18",
            "object_repr": "Citroen",
            "action_flag": 1,
            "change_message": "[{\"added\": {}}]"
        }
    },
    {
        "model": "admin.logentry",
        "pk": 46,
        "fields": {
            "action_time": "2023-11-20T00:13:12.767Z",
            "user": 3,
            "content_type": 7,
            "object_id": "9",
            "object_repr": "Alto",
            "action_flag": 1,
            "change_message": "[{\"added\": {}}]"
        }
    },
    {
        "model": "admin.logentry",
        "pk": 47,
        "fields": {
            "action_time": "2023-11-20T00:14:34.196Z",
            "user": 3,
            "content_type": 7,
            "object_id": "10",
            "object_repr": "Across",
            "action_flag": 1,
            "change_message": "[{\"added\": {}}]"
        }
    },
    {
        "model": "admin.logentry",
        "pk": 48,
        "fields": {
            "action_time": "2023-11-20T00:14:52.218Z",
            "user": 3,
            "content_type": 7,
            "object_id": "11",
            "object_repr": "Jimny",
            "action_flag": 1,
            "change_message": "[{\"added\": {}}]"
        }
    },
    {
        "model": "admin.logentry",
        "pk": 49,
        "fields": {
            "action_time": "2023-11-20T00:15:04.780Z",
            "user": 3,
            "content_type": 7,
            "object_id": "12",
            "object_repr": "Vitara",
            "action_flag": 1,
            "change_message": "[{\"added\": {}}]"
        }
    },
    {
        "model": "admin.logentry",
        "pk": 50,
        "fields": {
            "action_time": "2023-11-20T00:15:16.289Z",
            "user": 3,
            "content_type": 7,
            "object_id": "13",
            "object_repr": "WagonR",
            "action_flag": 1,
            "change_message": "[{\"added\": {}}]"
        }
    },
    {
        "model": "admin.logentry",
        "pk": 51,
        "fields": {
            "action_time": "2023-11-20T00:15:28.453Z",
            "user": 3,
            "content_type": 7,
            "object_id": "14",
            "object_repr": "Cherokee",
            "action_flag": 1,
            "change_message": "[{\"added\": {}}]"
        }
    },
    {
        "model": "admin.logentry",
        "pk": 52,
        "fields": {
            "action_time": "2023-11-20T00:15:43.729Z",
            "user": 3,
            "content_type": 7,
            "object_id": "15",
            "object_repr": "Avenger",
            "action_flag": 1,
            "change_message": "[{\"added\": {}}]"
        }
    },
    {
        "model": "admin.logentry",
        "pk": 53,
        "fields": {
            "action_time": "2023-11-20T00:15:53.117Z",
            "user": 3,
            "content_type": 7,
            "object_id": "16",
            "object_repr": "Wrangler",
            "action_flag": 1,
            "change_message": "[{\"added\": {}}]"
        }
    },
    {
        "model": "admin.logentry",
        "pk": 54,
        "fields": {
            "action_time": "2023-11-20T00:16:08.792Z",
            "user": 3,
            "content_type": 7,
            "object_id": "17",
            "object_repr": "Sportage",
            "action_flag": 1,
            "change_message": "[{\"added\": {}}]"
        }
    },
    {
        "model": "admin.logentry",
        "pk": 55,
        "fields": {
            "action_time": "2023-11-20T00:16:17.575Z",
            "user": 3,
            "content_type": 7,
            "object_id": "18",
            "object_repr": "Picanto",
            "action_flag": 1,
            "change_message": "[{\"added\": {}}]"
        }
    },
    {
        "model": "admin.logentry",
        "pk": 56,
        "fields": {
            "action_time": "2023-11-20T00:16:25.834Z",
            "user": 3,
            "content_type": 7,
            "object_id": "19",
            "object_repr": "Sorento",
            "action_flag": 1,
            "change_message": "[{\"added\": {}}]"
        }
    },
    {
        "model": "admin.logentry",
        "pk": 57,
        "fields": {
            "action_time": "2023-11-20T00:16:34.999Z",
            "user": 3,
            "content_type": 7,
            "object_id": "20",
            "object_repr": "Soul",
            "action_flag": 1,
            "change_message": "[{\"added\": {}}]"
        }
    },
    {
        "model": "admin.logentry",
        "pk": 58,
        "fields": {
            "action_time": "2023-11-20T00:16:58.245Z",
            "user": 3,
            "content_type": 7,
            "object_id": "21",
            "object_repr": "Giulia",
            "action_flag": 1,
            "change_message": "[{\"added\": {}}]"
        }
    },
    {
        "model": "admin.logentry",
        "pk": 59,
        "fields": {
            "action_time": "2023-11-20T00:17:08.461Z",
            "user": 3,
            "content_type": 7,
            "object_id": "22",
            "object_repr": "Stradale",
            "action_flag": 1,
            "change_message": "[{\"added\": {}}]"
        }
    },
    {
        "model": "admin.logentry",
        "pk": 60,
        "fields": {
            "action_time": "2023-11-20T00:17:27.013Z",
            "user": 3,
            "content_type": 7,
            "object_id": "23",
            "object_repr": "156",
            "action_flag": 1,
            "change_message": "[{\"added\": {}}]"
        }
    },
    {
        "model": "admin.logentry",
        "pk": 61,
        "fields": {
            "action_time": "2023-11-20T00:17:43.144Z",
            "user": 3,
            "content_type": 7,
            "object_id": "24",
            "object_repr": "166",
            "action_flag": 1,
            "change_message": "[{\"added\": {}}]"
        }
    },
    {
        "model": "admin.logentry",
        "pk": 62,
        "fields": {
            "action_time": "2023-11-20T00:17:53.844Z",
            "user": 3,
            "content_type": 7,
            "object_id": "25",
            "object_repr": "Mito",
            "action_flag": 1,
            "change_message": "[{\"added\": {}}]"
        }
    },
    {
        "model": "admin.logentry",
        "pk": 63,
        "fields": {
            "action_time": "2023-11-20T00:18:11.226Z",
            "user": 3,
            "content_type": 7,
            "object_id": "26",
            "object_repr": "Defender",
            "action_flag": 1,
            "change_message": "[{\"added\": {}}]"
        }
    },
    {
        "model": "admin.logentry",
        "pk": 64,
        "fields": {
            "action_time": "2023-11-20T00:18:23.373Z",
            "user": 3,
            "content_type": 7,
            "object_id": "27",
            "object_repr": "Range-Rover",
            "action_flag": 1,
            "change_message": "[{\"added\": {}}]"
        }
    },
    {
        "model": "admin.logentry",
        "pk": 65,
        "fields": {
            "action_time": "2023-11-20T00:18:33.832Z",
            "user": 3,
            "content_type": 7,
            "object_id": "28",
            "object_repr": "Discovery",
            "action_flag": 1,
            "change_message": "[{\"added\": {}}]"
        }
    },
    {
        "model": "admin.logentry",
        "pk": 66,
        "fields": {
            "action_time": "2023-11-20T00:19:07.191Z",
            "user": 3,
            "content_type": 7,
            "object_id": "29",
            "object_repr": "Patrol",
            "action_flag": 1,
            "change_message": "[{\"added\": {}}]"
        }
    },
    {
        "model": "admin.logentry",
        "pk": 67,
        "fields": {
            "action_time": "2023-11-20T00:19:17.104Z",
            "user": 3,
            "content_type": 7,
            "object_id": "30",
            "object_repr": "Juke",
            "action_flag": 1,
            "change_message": "[{\"added\": {}}]"
        }
    },
    {
        "model": "admin.logentry",
        "pk": 68,
        "fields": {
            "action_time": "2023-11-20T00:19:24.670Z",
            "user": 3,
            "content_type": 7,
            "object_id": "31",
            "object_repr": "Micra",
            "action_flag": 1,
            "change_message": "[{\"added\": {}}]"
        }
    },
    {
        "model": "admin.logentry",
        "pk": 69,
        "fields": {
            "action_time": "2023-11-20T00:19:42.729Z",
            "user": 3,
            "content_type": 7,
            "object_id": "32",
            "object_repr": "Landcruiser",
            "action_flag": 1,
            "change_message": "[{\"added\": {}}]"
        }
    },
    {
        "model": "admin.logentry",
        "pk": 70,
        "fields": {
            "action_time": "2023-11-20T00:19:50.492Z",
            "user": 3,
            "content_type": 7,
            "object_id": "33",
            "object_repr": "Yaris",
            "action_flag": 1,
            "change_message": "[{\"added\": {}}]"
        }
    },
    {
        "model": "admin.logentry",
        "pk": 71,
        "fields": {
            "action_time": "2023-11-20T00:20:02.627Z",
            "user": 3,
            "content_type": 7,
            "object_id": "34",
            "object_repr": "Corolla",
            "action_flag": 1,
            "change_message": "[{\"added\": {}}]"
        }
    },
    {
        "model": "admin.logentry",
        "pk": 72,
        "fields": {
            "action_time": "2023-11-20T00:20:09.588Z",
            "user": 3,
            "content_type": 7,
            "object_id": "35",
            "object_repr": "Aygo",
            "action_flag": 1,
            "change_message": "[{\"added\": {}}]"
        }
    },
    {
        "model": "admin.logentry",
        "pk": 73,
        "fields": {
            "action_time": "2023-11-20T00:20:17.482Z",
            "user": 3,
            "content_type": 7,
            "object_id": "36",
            "object_repr": "Auris",
            "action_flag": 1,
            "change_message": "[{\"added\": {}}]"
        }
    },
    {
        "model": "admin.logentry",
        "pk": 74,
        "fields": {
            "action_time": "2023-11-20T00:20:35.570Z",
            "user": 3,
            "content_type": 7,
            "object_id": "37",
            "object_repr": "i10",
            "action_flag": 1,
            "change_message": "[{\"added\": {}}]"
        }
    },
    {
        "model": "admin.logentry",
        "pk": 75,
        "fields": {
            "action_time": "2023-11-20T00:20:55.016Z",
            "user": 3,
            "content_type": 7,
            "object_id": "38",
            "object_repr": "Santa Fe",
            "action_flag": 1,
            "change_message": "[{\"added\": {}}]"
        }
    },
    {
        "model": "admin.logentry",
        "pk": 76,
        "fields": {
            "action_time": "2023-11-20T00:21:02.338Z",
            "user": 3,
            "content_type": 7,
            "object_id": "39",
            "object_repr": "Tucson",
            "action_flag": 1,
            "change_message": "[{\"added\": {}}]"
        }
    },
    {
        "model": "admin.logentry",
        "pk": 77,
        "fields": {
            "action_time": "2023-11-20T00:21:10.886Z",
            "user": 3,
            "content_type": 7,
            "object_id": "40",
            "object_repr": "i20",
            "action_flag": 1,
            "change_message": "[{\"added\": {}}]"
        }
    },
    {
        "model": "admin.logentry",
        "pk": 78,
        "fields": {
            "action_time": "2023-11-20T00:21:19.817Z",
            "user": 3,
            "content_type": 7,
            "object_id": "41",
            "object_repr": "i30",
            "action_flag": 1,
            "change_message": "[{\"added\": {}}]"
        }
    },
    {
        "model": "admin.logentry",
        "pk": 79,
        "fields": {
            "action_time": "2023-11-20T00:21:28.886Z",
            "user": 3,
            "content_type": 7,
            "object_id": "42",
            "object_repr": "Golf",
            "action_flag": 1,
            "change_message": "[{\"added\": {}}]"
        }
    },
    {
        "model": "admin.logentry",
        "pk": 80,
        "fields": {
            "action_time": "2023-11-20T00:21:36.850Z",
            "user": 3,
            "content_type": 7,
            "object_id": "43",
            "object_repr": "Passat",
            "action_flag": 1,
            "change_message": "[{\"added\": {}}]"
        }
    },
    {
        "model": "admin.logentry",
        "pk": 81,
        "fields": {
            "action_time": "2023-11-20T00:21:59.065Z",
            "user": 3,
            "content_type": 7,
            "object_id": "42",
            "object_repr": "Caddy",
            "action_flag": 2,
            "change_message": "[{\"changed\": {\"fields\": [\"Nom\"]}}]"
        }
    },
    {
        "model": "admin.logentry",
        "pk": 82,
        "fields": {
            "action_time": "2023-11-20T00:22:09.300Z",
            "user": 3,
            "content_type": 7,
            "object_id": "43",
            "object_repr": "Passat",
            "action_flag": 2,
            "change_message": "[]"
        }
    },
    {
        "model": "admin.logentry",
        "pk": 83,
        "fields": {
            "action_time": "2023-11-20T00:22:20.059Z",
            "user": 3,
            "content_type": 7,
            "object_id": "44",
            "object_repr": "Polo",
            "action_flag": 1,
            "change_message": "[{\"added\": {}}]"
        }
    },
    {
        "model": "admin.logentry",
        "pk": 84,
        "fields": {
            "action_time": "2023-11-20T00:22:33.712Z",
            "user": 3,
            "content_type": 7,
            "object_id": "45",
            "object_repr": "T-roc",
            "action_flag": 1,
            "change_message": "[{\"added\": {}}]"
        }
    },
    {
        "model": "admin.logentry",
        "pk": 85,
        "fields": {
            "action_time": "2023-11-20T00:22:45.782Z",
            "user": 3,
            "content_type": 7,
            "object_id": "46",
            "object_repr": "Fox",
            "action_flag": 1,
            "change_message": "[{\"added\": {}}]"
        }
    },
    {
        "model": "admin.logentry",
        "pk": 86,
        "fields": {
            "action_time": "2023-11-20T00:22:55.933Z",
            "user": 3,
            "content_type": 7,
            "object_id": "47",
            "object_repr": "Fiesta",
            "action_flag": 1,
            "change_message": "[{\"added\": {}}]"
        }
    },
    {
        "model": "admin.logentry",
        "pk": 87,
        "fields": {
            "action_time": "2023-11-20T00:23:06.175Z",
            "user": 3,
            "content_type": 7,
            "object_id": "48",
            "object_repr": "Focus",
            "action_flag": 1,
            "change_message": "[{\"added\": {}}]"
        }
    },
    {
        "model": "admin.logentry",
        "pk": 88,
        "fields": {
            "action_time": "2023-11-20T00:23:15.949Z",
            "user": 3,
            "content_type": 7,
            "object_id": "49",
            "object_repr": "Ka",
            "action_flag": 1,
            "change_message": "[{\"added\": {}}]"
        }
    },
    {
        "model": "admin.logentry",
        "pk": 89,
        "fields": {
            "action_time": "2023-11-20T00:23:26.443Z",
            "user": 3,
            "content_type": 7,
            "object_id": "50",
            "object_repr": "A3",
            "action_flag": 1,
            "change_message": "[{\"added\": {}}]"
        }
    },
    {
        "model": "admin.logentry",
        "pk": 90,
        "fields": {
            "action_time": "2023-11-20T00:23:35.689Z",
            "user": 3,
            "content_type": 7,
            "object_id": "51",
            "object_repr": "A4",
            "action_flag": 1,
            "change_message": "[{\"added\": {}}]"
        }
    },
    {
        "model": "admin.logentry",
        "pk": 91,
        "fields": {
            "action_time": "2023-11-20T00:23:47.237Z",
            "user": 3,
            "content_type": 7,
            "object_id": "52",
            "object_repr": "A6",
            "action_flag": 1,
            "change_message": "[{\"added\": {}}]"
        }
    },
    {
        "model": "admin.logentry",
        "pk": 92,
        "fields": {
            "action_time": "2023-11-20T00:23:55.328Z",
            "user": 3,
            "content_type": 7,
            "object_id": "53",
            "object_repr": "Q3",
            "action_flag": 1,
            "change_message": "[{\"added\": {}}]"
        }
    },
    {
        "model": "admin.logentry",
        "pk": 93,
        "fields": {
            "action_time": "2023-11-20T00:24:10.450Z",
            "user": 3,
            "content_type": 7,
            "object_id": "54",
            "object_repr": "Megane",
            "action_flag": 1,
            "change_message": "[{\"added\": {}}]"
        }
    },
    {
        "model": "admin.logentry",
        "pk": 94,
        "fields": {
            "action_time": "2023-11-20T00:24:19.657Z",
            "user": 3,
            "content_type": 7,
            "object_id": "55",
            "object_repr": "Capture",
            "action_flag": 1,
            "change_message": "[{\"added\": {}}]"
        }
    },
    {
        "model": "admin.logentry",
        "pk": 95,
        "fields": {
            "action_time": "2023-11-20T00:24:31.714Z",
            "user": 3,
            "content_type": 7,
            "object_id": "56",
            "object_repr": "Espace",
            "action_flag": 1,
            "change_message": "[{\"added\": {}}]"
        }
    },
    {
        "model": "admin.logentry",
        "pk": 96,
        "fields": {
            "action_time": "2023-11-20T00:24:54.018Z",
            "user": 3,
            "content_type": 7,
            "object_id": "57",
            "object_repr": "Scenic",
            "action_flag": 1,
            "change_message": "[{\"added\": {}}]"
        }
    },
    {
        "model": "admin.logentry",
        "pk": 97,
        "fields": {
            "action_time": "2023-11-20T00:25:34.479Z",
            "user": 3,
            "content_type": 7,
            "object_id": "58",
            "object_repr": "208",
            "action_flag": 1,
            "change_message": "[{\"added\": {}}]"
        }
    },
    {
        "model": "admin.logentry",
        "pk": 98,
        "fields": {
            "action_time": "2023-11-20T00:25:47.746Z",
            "user": 3,
            "content_type": 7,
            "object_id": "59",
            "object_repr": "Expert",
            "action_flag": 1,
            "change_message": "[{\"added\": {}}]"
        }
    },
    {
        "model": "admin.logentry",
        "pk": 99,
        "fields": {
            "action_time": "2023-11-20T00:26:09.046Z",
            "user": 3,
            "content_type": 7,
            "object_id": "60",
            "object_repr": "1007",
            "action_flag": 1,
            "change_message": "[{\"added\": {}}]"
        }
    },
    {
        "model": "admin.logentry",
        "pk": 100,
        "fields": {
            "action_time": "2023-11-20T00:26:24.855Z",
            "user": 3,
            "content_type": 7,
            "object_id": "61",
            "object_repr": "e-3008",
            "action_flag": 1,
            "change_message": "[{\"added\": {}}]"
        }
    },
    {
        "model": "admin.logentry",
        "pk": 101,
        "fields": {
            "action_time": "2023-11-20T00:26:42.447Z",
            "user": 3,
            "content_type": 7,
            "object_id": "62",
            "object_repr": "2",
            "action_flag": 1,
            "change_message": "[{\"added\": {}}]"
        }
    },
    {
        "model": "admin.logentry",
        "pk": 102,
        "fields": {
            "action_time": "2023-11-20T00:26:54.828Z",
            "user": 3,
            "content_type": 7,
            "object_id": "63",
            "object_repr": "CX-60",
            "action_flag": 1,
            "change_message": "[{\"added\": {}}]"
        }
    },
    {
        "model": "admin.logentry",
        "pk": 103,
        "fields": {
            "action_time": "2023-11-20T00:27:07.711Z",
            "user": 3,
            "content_type": 7,
            "object_id": "64",
            "object_repr": "323",
            "action_flag": 1,
            "change_message": "[{\"added\": {}}]"
        }
    },
    {
        "model": "admin.logentry",
        "pk": 104,
        "fields": {
            "action_time": "2023-11-20T00:27:18.548Z",
            "user": 3,
            "content_type": 7,
            "object_id": "65",
            "object_repr": "Vito",
            "action_flag": 1,
            "change_message": "[{\"added\": {}}]"
        }
    },
    {
        "model": "admin.logentry",
        "pk": 105,
        "fields": {
            "action_time": "2023-11-20T00:27:31.346Z",
            "user": 3,
            "content_type": 7,
            "object_id": "66",
            "object_repr": "Classe B",
            "action_flag": 1,
            "change_message": "[{\"added\": {}}]"
        }
    },
    {
        "model": "admin.logentry",
        "pk": 106,
        "fields": {
            "action_time": "2023-11-20T00:27:42.654Z",
            "user": 3,
            "content_type": 7,
            "object_id": "67",
            "object_repr": "Classe C",
            "action_flag": 1,
            "change_message": "[{\"added\": {}}]"
        }
    },
    {
        "model": "admin.logentry",
        "pk": 107,
        "fields": {
            "action_time": "2023-11-20T00:27:53.551Z",
            "user": 3,
            "content_type": 7,
            "object_id": "68",
            "object_repr": "Classe e",
            "action_flag": 1,
            "change_message": "[{\"added\": {}}]"
        }
    },
    {
        "model": "admin.logentry",
        "pk": 108,
        "fields": {
            "action_time": "2023-11-20T00:28:00.640Z",
            "user": 3,
            "content_type": 7,
            "object_id": "69",
            "object_repr": "Sprinter",
            "action_flag": 1,
            "change_message": "[{\"added\": {}}]"
        }
    },
    {
        "model": "admin.logentry",
        "pk": 109,
        "fields": {
            "action_time": "2023-11-20T00:29:31.200Z",
            "user": 3,
            "content_type": 9,
            "object_id": "5",
            "object_repr": "(Mercedes-Benz) Classe B - 2014",
            "action_flag": 1,
            "change_message": "[{\"added\": {}}]"
        }
    },
    {
        "model": "admin.logentry",
        "pk": 110,
        "fields": {
            "action_time": "2023-11-20T00:31:06.139Z",
            "user": 3,
            "content_type": 9,
            "object_id": "6",
            "object_repr": "(VolksWagen) Passat - 2018",
            "action_flag": 1,
            "change_message": "[{\"added\": {}}]"
        }
    },
    {
        "model": "admin.logentry",
        "pk": 111,
        "fields": {
            "action_time": "2023-11-20T00:32:28.443Z",
            "user": 3,
            "content_type": 9,
            "object_id": "7",
            "object_repr": "(Suzuki) Alto - 2015",
            "action_flag": 1,
            "change_message": "[{\"added\": {}}]"
        }
    },
    {
        "model": "admin.logentry",
        "pk": 112,
        "fields": {
            "action_time": "2023-11-20T00:34:09.495Z",
            "user": 3,
            "content_type": 9,
            "object_id": "8",
            "object_repr": "(Ford) Focus - 2013",
            "action_flag": 1,
            "change_message": "[{\"added\": {}}]"
        }
    },
    {
        "model": "auth.permission",
        "pk": 1,
        "fields": {
            "name": "Can add log entry",
            "content_type": 1,
            "codename": "add_logentry"
        }
    },
    {
        "model": "auth.permission",
        "pk": 2,
        "fields": {
            "name": "Can change log entry",
            "content_type": 1,
            "codename": "change_logentry"
        }
    },
    {
        "model": "auth.permission",
        "pk": 3,
        "fields": {
            "name": "Can delete log entry",
            "content_type": 1,
            "codename": "delete_logentry"
        }
    },
    {
        "model": "auth.permission",
        "pk": 4,
        "fields": {
            "name": "Can view log entry",
            "content_type": 1,
            "codename": "view_logentry"
        }
    },
    {
        "model": "auth.permission",
        "pk": 5,
        "fields": {
            "name": "Can add permission",
            "content_type": 2,
            "codename": "add_permission"
        }
    },
    {
        "model": "auth.permission",
        "pk": 6,
        "fields": {
            "name": "Can change permission",
            "content_type": 2,
            "codename": "change_permission"
        }
    },
    {
        "model": "auth.permission",
        "pk": 7,
        "fields": {
            "name": "Can delete permission",
            "content_type": 2,
            "codename": "delete_permission"
        }
    },
    {
        "model": "auth.permission",
        "pk": 8,
        "fields": {
            "name": "Can view permission",
            "content_type": 2,
            "codename": "view_permission"
        }
    },
    {
        "model": "auth.permission",
        "pk": 9,
        "fields": {
            "name": "Can add group",
            "content_type": 3,
            "codename": "add_group"
        }
    },
    {
        "model": "auth.permission",
        "pk": 10,
        "fields": {
            "name": "Can change group",
            "content_type": 3,
            "codename": "change_group"
        }
    },
    {
        "model": "auth.permission",
        "pk": 11,
        "fields": {
            "name": "Can delete group",
            "content_type": 3,
            "codename": "delete_group"
        }
    },
    {
        "model": "auth.permission",
        "pk": 12,
        "fields": {
            "name": "Can view group",
            "content_type": 3,
            "codename": "view_group"
        }
    },
    {
        "model": "auth.permission",
        "pk": 13,
        "fields": {
            "name": "Can add user",
            "content_type": 4,
            "codename": "add_user"
        }
    },
    {
        "model": "auth.permission",
        "pk": 14,
        "fields": {
            "name": "Can change user",
            "content_type": 4,
            "codename": "change_user"
        }
    },
    {
        "model": "auth.permission",
        "pk": 15,
        "fields": {
            "name": "Can delete user",
            "content_type": 4,
            "codename": "delete_user"
        }
    },
    {
        "model": "auth.permission",
        "pk": 16,
        "fields": {
            "name": "Can view user",
            "content_type": 4,
            "codename": "view_user"
        }
    },
    {
        "model": "auth.permission",
        "pk": 17,
        "fields": {
            "name": "Can add content type",
            "content_type": 5,
            "codename": "add_contenttype"
        }
    },
    {
        "model": "auth.permission",
        "pk": 18,
        "fields": {
            "name": "Can change content type",
            "content_type": 5,
            "codename": "change_contenttype"
        }
    },
    {
        "model": "auth.permission",
        "pk": 19,
        "fields": {
            "name": "Can delete content type",
            "content_type": 5,
            "codename": "delete_contenttype"
        }
    },
    {
        "model": "auth.permission",
        "pk": 20,
        "fields": {
            "name": "Can view content type",
            "content_type": 5,
            "codename": "view_contenttype"
        }
    },
    {
        "model": "auth.permission",
        "pk": 21,
        "fields": {
            "name": "Can add session",
            "content_type": 6,
            "codename": "add_session"
        }
    },
    {
        "model": "auth.permission",
        "pk": 22,
        "fields": {
            "name": "Can change session",
            "content_type": 6,
            "codename": "change_session"
        }
    },
    {
        "model": "auth.permission",
        "pk": 23,
        "fields": {
            "name": "Can delete session",
            "content_type": 6,
            "codename": "delete_session"
        }
    },
    {
        "model": "auth.permission",
        "pk": 24,
        "fields": {
            "name": "Can view session",
            "content_type": 6,
            "codename": "view_session"
        }
    },
    {
        "model": "auth.permission",
        "pk": 25,
        "fields": {
            "name": "Can add modele",
            "content_type": 7,
            "codename": "add_modele"
        }
    },
    {
        "model": "auth.permission",
        "pk": 26,
        "fields": {
            "name": "Can change modele",
            "content_type": 7,
            "codename": "change_modele"
        }
    },
    {
        "model": "auth.permission",
        "pk": 27,
        "fields": {
            "name": "Can delete modele",
            "content_type": 7,
            "codename": "delete_modele"
        }
    },
    {
        "model": "auth.permission",
        "pk": 28,
        "fields": {
            "name": "Can view modele",
            "content_type": 7,
            "codename": "view_modele"
        }
    },
    {
        "model": "auth.permission",
        "pk": 29,
        "fields": {
            "name": "Can add marque",
            "content_type": 8,
            "codename": "add_marque"
        }
    },
    {
        "model": "auth.permission",
        "pk": 30,
        "fields": {
            "name": "Can change marque",
            "content_type": 8,
            "codename": "change_marque"
        }
    },
    {
        "model": "auth.permission",
        "pk": 31,
        "fields": {
            "name": "Can delete marque",
            "content_type": 8,
            "codename": "delete_marque"
        }
    },
    {
        "model": "auth.permission",
        "pk": 32,
        "fields": {
            "name": "Can view marque",
            "content_type": 8,
            "codename": "view_marque"
        }
    },
    {
        "model": "auth.permission",
        "pk": 33,
        "fields": {
            "name": "Can add voiture",
            "content_type": 9,
            "codename": "add_voiture"
        }
    },
    {
        "model": "auth.permission",
        "pk": 34,
        "fields": {
            "name": "Can change voiture",
            "content_type": 9,
            "codename": "change_voiture"
        }
    },
    {
        "model": "auth.permission",
        "pk": 35,
        "fields": {
            "name": "Can delete voiture",
            "content_type": 9,
            "codename": "delete_voiture"
        }
    },
    {
        "model": "auth.permission",
        "pk": 36,
        "fields": {
            "name": "Can view voiture",
            "content_type": 9,
            "codename": "view_voiture"
        }
    },
    {
        "model": "auth.permission",
        "pk": 37,
        "fields": {
            "name": "Can add photo",
            "content_type": 10,
            "codename": "add_photo"
        }
    },
    {
        "model": "auth.permission",
        "pk": 38,
        "fields": {
            "name": "Can change photo",
            "content_type": 10,
            "codename": "change_photo"
        }
    },
    {
        "model": "auth.permission",
        "pk": 39,
        "fields": {
            "name": "Can delete photo",
            "content_type": 10,
            "codename": "delete_photo"
        }
    },
    {
        "model": "auth.permission",
        "pk": 40,
        "fields": {
            "name": "Can view photo",
            "content_type": 10,
            "codename": "view_photo"
        }
    },
    {
        "model": "auth.permission",
        "pk": 41,
        "fields": {
            "name": "Can add service",
            "content_type": 11,
            "codename": "add_service"
        }
    },
    {
        "model": "auth.permission",
        "pk": 42,
        "fields": {
            "name": "Can change service",
            "content_type": 11,
            "codename": "change_service"
        }
    },
    {
        "model": "auth.permission",
        "pk": 43,
        "fields": {
            "name": "Can delete service",
            "content_type": 11,
            "codename": "delete_service"
        }
    },
    {
        "model": "auth.permission",
        "pk": 44,
        "fields": {
            "name": "Can view service",
            "content_type": 11,
            "codename": "view_service"
        }
    },
    {
        "model": "auth.permission",
        "pk": 45,
        "fields": {
            "name": "Can add review",
            "content_type": 12,
            "codename": "add_review"
        }
    },
    {
        "model": "auth.permission",
        "pk": 46,
        "fields": {
            "name": "Can change review",
            "content_type": 12,
            "codename": "change_review"
        }
    },
    {
        "model": "auth.permission",
        "pk": 47,
        "fields": {
            "name": "Can delete review",
            "content_type": 12,
            "codename": "delete_review"
        }
    },
    {
        "model": "auth.permission",
        "pk": 48,
        "fields": {
            "name": "Can view review",
            "content_type": 12,
            "codename": "view_review"
        }
    },
    {
        "model": "auth.permission",
        "pk": 49,
        "fields": {
            "name": "Can add vente",
            "content_type": 13,
            "codename": "add_vente"
        }
    },
    {
        "model": "auth.permission",
        "pk": 50,
        "fields": {
            "name": "Can change vente",
            "content_type": 13,
            "codename": "change_vente"
        }
    },
    {
        "model": "auth.permission",
        "pk": 51,
        "fields": {
            "name": "Can delete vente",
            "content_type": 13,
            "codename": "delete_vente"
        }
    },
    {
        "model": "auth.permission",
        "pk": 52,
        "fields": {
            "name": "Can view vente",
            "content_type": 13,
            "codename": "view_vente"
        }
    },
    {
        "model": "auth.user",
        "pk": 1,
        "fields": {
            "password": "pbkdf2_sha256$600000$wBgLI2nd8qnNV30GD3t7Ng$Id1+2X3NrCxvF+aavPc8lSu/Ob35wYVuisjn9PpaTtQ=",
            "last_login": "2023-11-19T17:06:34.585Z",
            "is_superuser": true,
            "username": "abdel",
            "first_name": "",
            "last_name": "",
            "email": "abdel@abdel.com",
            "is_staff": true,
            "is_active": true,
            "date_joined": "2023-11-12T11:03:05.985Z",
            "groups": [],
            "user_permissions": []
        }
    },
    {
        "model": "auth.user",
        "pk": 2,
        "fields": {
            "password": "pbkdf2_sha256$600000$68OUrMaHzLyv5IosBQWfwI$KSIXsZf3ZhiN8RGW7mKVSCNoyduKD0hKy7gwzooCQa0=",
            "last_login": "2023-11-19T13:17:29.877Z",
            "is_superuser": false,
            "username": "abdekh",
            "first_name": "abdellah",
            "last_name": "khleeh",
            "email": "abdel@kh.com",
            "is_staff": false,
            "is_active": true,
            "date_joined": "2023-11-18T22:24:27.261Z",
            "groups": [],
            "user_permissions": []
        }
    },
    {
        "model": "auth.user",
        "pk": 3,
        "fields": {
            "password": "pbkdf2_sha256$600000$RIt3HC8o10X8ofu44nvLbl$BZdmlN2s/jj/auuU+hLJA5qkGxYRy6ZMAxK/cx+ZSoQ=",
            "last_login": "2023-11-20T00:07:05.348Z",
            "is_superuser": true,
            "username": "admin",
            "first_name": "",
            "last_name": "",
            "email": "admin@admin.com",
            "is_staff": true,
            "is_active": true,
            "date_joined": "2023-11-19T16:51:29.142Z",
            "groups": [],
            "user_permissions": []
        }
    },
    {
        "model": "auth.user",
        "pk": 4,
        "fields": {
            "password": "pbkdf2_sha256$600000$eimjdk9B4gQSGuO9qZohmg$tFf+/uf+7DTgiI/VxBDVbQ0JD+1G7MV6aiTQYnQZbRI=",
            "last_login": "2023-11-19T18:20:32.897Z",
            "is_superuser": false,
            "username": "user",
            "first_name": "user",
            "last_name": "user",
            "email": "user@user.com",
            "is_staff": false,
            "is_active": true,
            "date_joined": "2023-11-19T18:07:13.073Z",
            "groups": [],
            "user_permissions": []
        }
    },
    {
        "model": "auth.user",
        "pk": 5,
        "fields": {
            "password": "pbkdf2_sha256$600000$pUJsnCtNDbvVe3zdU7tFhE$cmhWcQiIKy+x1a+9A7HYfkk9ZU/uHvPubTsH3NgHfR4=",
            "last_login": "2023-11-20T00:05:57.390Z",
            "is_superuser": false,
            "username": "nono",
            "first_name": "nordin",
            "last_name": "sen",
            "email": "nono@gmail.com",
            "is_staff": false,
            "is_active": true,
            "date_joined": "2023-11-20T00:05:56.125Z",
            "groups": [],
            "user_permissions": []
        }
    },
    {
        "model": "auth.user",
        "pk": 6,
        "fields": {
            "password": "pbkdf2_sha256$600000$kASGN8cmx0xCMOYnFq9ehq$PRqBoeuZhSccX2UOnj2fbrO+lrdZ6t+9yAv4Pyz0buY=",
            "last_login": "2023-11-20T00:06:51.399Z",
            "is_superuser": false,
            "username": "monir",
            "first_name": "monir",
            "last_name": "bouti",
            "email": "moni@gmail.com",
            "is_staff": false,
            "is_active": true,
            "date_joined": "2023-11-20T00:06:50.095Z",
            "groups": [],
            "user_permissions": []
        }
    },
    {
        "model": "contenttypes.contenttype",
        "pk": 1,
        "fields": {
            "app_label": "admin",
            "model": "logentry"
        }
    },
    {
        "model": "contenttypes.contenttype",
        "pk": 2,
        "fields": {
            "app_label": "auth",
            "model": "permission"
        }
    },
    {
        "model": "contenttypes.contenttype",
        "pk": 3,
        "fields": {
            "app_label": "auth",
            "model": "group"
        }
    },
    {
        "model": "contenttypes.contenttype",
        "pk": 4,
        "fields": {
            "app_label": "auth",
            "model": "user"
        }
    },
    {
        "model": "contenttypes.contenttype",
        "pk": 5,
        "fields": {
            "app_label": "contenttypes",
            "model": "contenttype"
        }
    },
    {
        "model": "contenttypes.contenttype",
        "pk": 6,
        "fields": {
            "app_label": "sessions",
            "model": "session"
        }
    },
    {
        "model": "contenttypes.contenttype",
        "pk": 7,
        "fields": {
            "app_label": "car_dealer",
            "model": "modele"
        }
    },
    {
        "model": "contenttypes.contenttype",
        "pk": 8,
        "fields": {
            "app_label": "car_dealer",
            "model": "marque"
        }
    },
    {
        "model": "contenttypes.contenttype",
        "pk": 9,
        "fields": {
            "app_label": "car_dealer",
            "model": "voiture"
        }
    },
    {
        "model": "contenttypes.contenttype",
        "pk": 10,
        "fields": {
            "app_label": "car_dealer",
            "model": "photo"
        }
    },
    {
        "model": "contenttypes.contenttype",
        "pk": 11,
        "fields": {
            "app_label": "car_dealer",
            "model": "service"
        }
    },
    {
        "model": "contenttypes.contenttype",
        "pk": 12,
        "fields": {
            "app_label": "car_dealer",
            "model": "review"
        }
    },
    {
        "model": "contenttypes.contenttype",
        "pk": 13,
        "fields": {
            "app_label": "car_dealer",
            "model": "vente"
        }
    },
    {
        "model": "sessions.session",
        "pk": "9jv55olcj066tn6igb2j52ypmafnd606",
        "fields": {
            "session_data": "e30:1r4SWX:zwODuqZ3yvi2teqlYL6TiNoulBPP_WHo6f63eM6ohBM",
            "expire_date": "2023-12-02T21:06:41.464Z"
        }
    },
    {
        "model": "sessions.session",
        "pk": "dmmto19m29t1e8omofq8d72efg9jg5rt",
        "fields": {
            "session_data": ".eJxVjEEOgyAURO_y1w0RRASX3fcM5AOfSm2wEU3aGO9eTdy4mWTmzcwKhUpJY7YD_aBbQR7ymdIXOuBa6Qq27QYWl7m3S6HJprCTGi6ZQz9QPkB4YX6OzI95npJjR4WdtLDHGOh9P7uXgx5Lv69RB64dCZSVVFLx2pNBZzy1TeQ8EvpaRy8aGYVTEVsTURnhdutRqprD9geh60QV:1r4sFu:z2Aw40jWzFG_DozqdQrIPp16Cg8-SPf3KOdOOlBvf9U",
            "expire_date": "2023-12-04T00:35:14.343Z"
        }
    },
    {
        "model": "sessions.session",
        "pk": "glhj7rp25yyzjbdug8nphutau943vgv5",
        "fields": {
            "session_data": ".eJxVjEEOgyAQRe8y64YgKqDL7j0DmWGgWhtIRBeN8e6tiRu3_733dyihlCknN4cv9PvxAIfbOrqthMVNDD00cNsI_RzSCfiN6ZWFz2ldJhKnIi5axJA5fJ6XezsYsYz_WpGlYFRDWlr0VktssYpGey-xViQVmo64Yx19qKIistxqRmSOpql0DccPbvw_MA:1r4mCQ:wAntBEvD3ozGBqPsY62oTP_2GDRSJupOrFZ0pr-JIBg",
            "expire_date": "2023-12-03T18:07:14.334Z"
        }
    },
    {
        "model": "sessions.session",
        "pk": "ymw73of151pua7vk8ff8fyj4day3yybm",
        "fields": {
            "session_data": "e30:1r4Oka:O8HSJMSiTs-Ps6Ol-OCP0fpbvucw8xSHEBBZkigWQEM",
            "expire_date": "2023-12-02T17:04:56.112Z"
        }
    },
    {
        "model": "car_dealer.marque",
        "pk": 1,
        "fields": {
            "nom": "Mercedes-Benz"
        }
    },
    {
        "model": "car_dealer.marque",
        "pk": 2,
        "fields": {
            "nom": "Mazda"
        }
    },
    {
        "model": "car_dealer.marque",
        "pk": 3,
        "fields": {
            "nom": "Peugeot"
        }
    },
    {
        "model": "car_dealer.marque",
        "pk": 4,
        "fields": {
            "nom": "Renault"
        }
    },
    {
        "model": "car_dealer.marque",
        "pk": 5,
        "fields": {
            "nom": "Audi"
        }
    },
    {
        "model": "car_dealer.marque",
        "pk": 6,
        "fields": {
            "nom": "Ford"
        }
    },
    {
        "model": "car_dealer.marque",
        "pk": 7,
        "fields": {
            "nom": "VolksWagen"
        }
    },
    {
        "model": "car_dealer.marque",
        "pk": 8,
        "fields": {
            "nom": "Hyundai"
        }
    },
    {
        "model": "car_dealer.marque",
        "pk": 9,
        "fields": {
            "nom": "Toyota"
        }
    },
    {
        "model": "car_dealer.marque",
        "pk": 10,
        "fields": {
            "nom": "Nissan"
        }
    },
    {
        "model": "car_dealer.marque",
        "pk": 11,
        "fields": {
            "nom": "Subaru"
        }
    },
    {
        "model": "car_dealer.marque",
        "pk": 12,
        "fields": {
            "nom": "Land-Rover"
        }
    },
    {
        "model": "car_dealer.marque",
        "pk": 13,
        "fields": {
            "nom": "Alfa-Romeo"
        }
    },
    {
        "model": "car_dealer.marque",
        "pk": 14,
        "fields": {
            "nom": "Kia"
        }
    },
    {
        "model": "car_dealer.marque",
        "pk": 15,
        "fields": {
            "nom": "Jeep"
        }
    },
    {
        "model": "car_dealer.marque",
        "pk": 16,
        "fields": {
            "nom": "Suzuki"
        }
    },
    {
        "model": "car_dealer.marque",
        "pk": 17,
        "fields": {
            "nom": "Volvo"
        }
    },
    {
        "model": "car_dealer.marque",
        "pk": 18,
        "fields": {
            "nom": "Citroen"
        }
    },
    {
        "model": "car_dealer.modele",
        "pk": 1,
        "fields": {
            "nom": "Classe A",
            "marque": 1
        }
    },
    {
        "model": "car_dealer.modele",
        "pk": 2,
        "fields": {
            "nom": "Classe B",
            "marque": 1
        }
    },
    {
        "model": "car_dealer.modele",
        "pk": 3,
        "fields": {
            "nom": "106",
            "marque": 3
        }
    },
    {
        "model": "car_dealer.modele",
        "pk": 4,
        "fields": {
            "nom": "206",
            "marque": 3
        }
    },
    {
        "model": "car_dealer.modele",
        "pk": 5,
        "fields": {
            "nom": "Clio",
            "marque": 4
        }
    },
    {
        "model": "car_dealer.modele",
        "pk": 6,
        "fields": {
            "nom": "Master",
            "marque": 4
        }
    },
    {
        "model": "car_dealer.modele",
        "pk": 7,
        "fields": {
            "nom": "3008",
            "marque": 3
        }
    },
    {
        "model": "car_dealer.modele",
        "pk": 8,
        "fields": {
            "nom": "A3",
            "marque": 5
        }
    },
    {
        "model": "car_dealer.modele",
        "pk": 9,
        "fields": {
            "nom": "Alto",
            "marque": 16
        }
    },
    {
        "model": "car_dealer.modele",
        "pk": 10,
        "fields": {
            "nom": "Across",
            "marque": 16
        }
    },
    {
        "model": "car_dealer.modele",
        "pk": 11,
        "fields": {
            "nom": "Jimny",
            "marque": 16
        }
    },
    {
        "model": "car_dealer.modele",
        "pk": 12,
        "fields": {
            "nom": "Vitara",
            "marque": 16
        }
    },
    {
        "model": "car_dealer.modele",
        "pk": 13,
        "fields": {
            "nom": "WagonR",
            "marque": 16
        }
    },
    {
        "model": "car_dealer.modele",
        "pk": 14,
        "fields": {
            "nom": "Cherokee",
            "marque": 15
        }
    },
    {
        "model": "car_dealer.modele",
        "pk": 15,
        "fields": {
            "nom": "Avenger",
            "marque": 15
        }
    },
    {
        "model": "car_dealer.modele",
        "pk": 16,
        "fields": {
            "nom": "Wrangler",
            "marque": 15
        }
    },
    {
        "model": "car_dealer.modele",
        "pk": 17,
        "fields": {
            "nom": "Sportage",
            "marque": 14
        }
    },
    {
        "model": "car_dealer.modele",
        "pk": 18,
        "fields": {
            "nom": "Picanto",
            "marque": 14
        }
    },
    {
        "model": "car_dealer.modele",
        "pk": 19,
        "fields": {
            "nom": "Sorento",
            "marque": 14
        }
    },
    {
        "model": "car_dealer.modele",
        "pk": 20,
        "fields": {
            "nom": "Soul",
            "marque": 14
        }
    },
    {
        "model": "car_dealer.modele",
        "pk": 21,
        "fields": {
            "nom": "Giulia",
            "marque": 13
        }
    },
    {
        "model": "car_dealer.modele",
        "pk": 22,
        "fields": {
            "nom": "Stradale",
            "marque": 13
        }
    },
    {
        "model": "car_dealer.modele",
        "pk": 23,
        "fields": {
            "nom": "156",
            "marque": 13
        }
    },
    {
        "model": "car_dealer.modele",
        "pk": 24,
        "fields": {
            "nom": "166",
            "marque": 13
        }
    },
    {
        "model": "car_dealer.modele",
        "pk": 25,
        "fields": {
            "nom": "Mito",
            "marque": 13
        }
    },
    {
        "model": "car_dealer.modele",
        "pk": 26,
        "fields": {
            "nom": "Defender",
            "marque": 12
        }
    },
    {
        "model": "car_dealer.modele",
        "pk": 27,
        "fields": {
            "nom": "Range-Rover",
            "marque": 12
        }
    },
    {
        "model": "car_dealer.modele",
        "pk": 28,
        "fields": {
            "nom": "Discovery",
            "marque": 12
        }
    },
    {
        "model": "car_dealer.modele",
        "pk": 29,
        "fields": {
            "nom": "Patrol",
            "marque": 10
        }
    },
    {
        "model": "car_dealer.modele",
        "pk": 30,
        "fields": {
            "nom": "Juke",
            "marque": 10
        }
    },
    {
        "model": "car_dealer.modele",
        "pk": 31,
        "fields": {
            "nom": "Micra",
            "marque": 10
        }
    },
    {
        "model": "car_dealer.modele",
        "pk": 32,
        "fields": {
            "nom": "Landcruiser",
            "marque": 9
        }
    },
    {
        "model": "car_dealer.modele",
        "pk": 33,
        "fields": {
            "nom": "Yaris",
            "marque": 9
        }
    },
    {
        "model": "car_dealer.modele",
        "pk": 34,
        "fields": {
            "nom": "Corolla",
            "marque": 9
        }
    },
    {
        "model": "car_dealer.modele",
        "pk": 35,
        "fields": {
            "nom": "Aygo",
            "marque": 9
        }
    },
    {
        "model": "car_dealer.modele",
        "pk": 36,
        "fields": {
            "nom": "Auris",
            "marque": 9
        }
    },
    {
        "model": "car_dealer.modele",
        "pk": 37,
        "fields": {
            "nom": "i10",
            "marque": 8
        }
    },
    {
        "model": "car_dealer.modele",
        "pk": 38,
        "fields": {
            "nom": "Santa Fe",
            "marque": 8
        }
    },
    {
        "model": "car_dealer.modele",
        "pk": 39,
        "fields": {
            "nom": "Tucson",
            "marque": 8
        }
    },
    {
        "model": "car_dealer.modele",
        "pk": 40,
        "fields": {
            "nom": "i20",
            "marque": 8
        }
    },
    {
        "model": "car_dealer.modele",
        "pk": 41,
        "fields": {
            "nom": "i30",
            "marque": 8
        }
    },
    {
        "model": "car_dealer.modele",
        "pk": 42,
        "fields": {
            "nom": "Caddy",
            "marque": 7
        }
    },
    {
        "model": "car_dealer.modele",
        "pk": 43,
        "fields": {
            "nom": "Passat",
            "marque": 7
        }
    },
    {
        "model": "car_dealer.modele",
        "pk": 44,
        "fields": {
            "nom": "Polo",
            "marque": 7
        }
    },
    {
        "model": "car_dealer.modele",
        "pk": 45,
        "fields": {
            "nom": "T-roc",
            "marque": 7
        }
    },
    {
        "model": "car_dealer.modele",
        "pk": 46,
        "fields": {
            "nom": "Fox",
            "marque": 7
        }
    },
    {
        "model": "car_dealer.modele",
        "pk": 47,
        "fields": {
            "nom": "Fiesta",
            "marque": 6
        }
    },
    {
        "model": "car_dealer.modele",
        "pk": 48,
        "fields": {
            "nom": "Focus",
            "marque": 6
        }
    },
    {
        "model": "car_dealer.modele",
        "pk": 49,
        "fields": {
            "nom": "Ka",
            "marque": 6
        }
    },
    {
        "model": "car_dealer.modele",
        "pk": 50,
        "fields": {
            "nom": "A3",
            "marque": 5
        }
    },
    {
        "model": "car_dealer.modele",
        "pk": 51,
        "fields": {
            "nom": "A4",
            "marque": 5
        }
    },
    {
        "model": "car_dealer.modele",
        "pk": 52,
        "fields": {
            "nom": "A6",
            "marque": 5
        }
    },
    {
        "model": "car_dealer.modele",
        "pk": 53,
        "fields": {
            "nom": "Q3",
            "marque": 5
        }
    },
    {
        "model": "car_dealer.modele",
        "pk": 54,
        "fields": {
            "nom": "Megane",
            "marque": 4
        }
    },
    {
        "model": "car_dealer.modele",
        "pk": 55,
        "fields": {
            "nom": "Capture",
            "marque": 4
        }
    },
    {
        "model": "car_dealer.modele",
        "pk": 56,
        "fields": {
            "nom": "Espace",
            "marque": 4
        }
    },
    {
        "model": "car_dealer.modele",
        "pk": 57,
        "fields": {
            "nom": "Scenic",
            "marque": 4
        }
    },
    {
        "model": "car_dealer.modele",
        "pk": 58,
        "fields": {
            "nom": "208",
            "marque": 3
        }
    },
    {
        "model": "car_dealer.modele",
        "pk": 59,
        "fields": {
            "nom": "Expert",
            "marque": 3
        }
    },
    {
        "model": "car_dealer.modele",
        "pk": 60,
        "fields": {
            "nom": "1007",
            "marque": 3
        }
    },
    {
        "model": "car_dealer.modele",
        "pk": 61,
        "fields": {
            "nom": "e-3008",
            "marque": 3
        }
    },
    {
        "model": "car_dealer.modele",
        "pk": 62,
        "fields": {
            "nom": "2",
            "marque": 2
        }
    },
    {
        "model": "car_dealer.modele",
        "pk": 63,
        "fields": {
            "nom": "CX-60",
            "marque": 2
        }
    },
    {
        "model": "car_dealer.modele",
        "pk": 64,
        "fields": {
            "nom": "323",
            "marque": 2
        }
    },
    {
        "model": "car_dealer.modele",
        "pk": 65,
        "fields": {
            "nom": "Vito",
            "marque": 1
        }
    },
    {
        "model": "car_dealer.modele",
        "pk": 66,
        "fields": {
            "nom": "Classe B",
            "marque": 1
        }
    },
    {
        "model": "car_dealer.modele",
        "pk": 67,
        "fields": {
            "nom": "Classe C",
            "marque": 1
        }
    },
    {
        "model": "car_dealer.modele",
        "pk": 68,
        "fields": {
            "nom": "Classe e",
            "marque": 1
        }
    },
    {
        "model": "car_dealer.modele",
        "pk": 69,
        "fields": {
            "nom": "Sprinter",
            "marque": 1
        }
    },
    {
        "model": "car_dealer.voiture",
        "pk": 1,
        "fields": {
            "reserve": false,
            "sold": false,
            "marque": 1,
            "modele": 1,
            "annee_fabrication": 2018,
            "carburant": "Essence",
            "transmission": null,
            "kilometrage": 91000,
            "cruise_control": true,
            "direction_assistee": true,
            "audio_interface": true,
            "airbags": true,
            "air_conditionne": true,
            "siege_chauffant": true,
            "alarm_system": true,
            "parkassist": true,
            "camera_recul": true,
            "start_stop": true,
            "essui_auto": true,
            "car_play": true,
            "description": "Mercedes Classe A 2012, en excellent état. Cette voiture élégante et performante affiche un kilométrage de 91 000 km. Équipée de fonctionnalités modernes, elle offre une conduite confortable et sécurisée. Ne manquez pas l'opportunité de posséder cette superbe Mercedes Classe A.",
            "date_poste": "2023-11-12T12:20:31.509Z",
            "car_photo_1": "photos/2023/11/12/ClasseA_2018_1.png",
            "car_photo_2": "photos/2023/11/12/ClasseA_2018_2.png",
            "car_photo_3": "photos/2023/11/12/ClasseA_2018_3.png",
            "car_photo_4": "photos/2023/11/12/ClasseA_2018_4.png",
            "car_photo_5": "photos/2023/11/12/ClasseA_2018_5.png",
            "car_photo_6": "",
            "car_photo_7": "",
            "car_photo_8": "",
            "car_photo_9": "",
            "prix": "29500"
        }
    },
    {
        "model": "car_dealer.voiture",
        "pk": 2,
        "fields": {
            "reserve": false,
            "sold": true,
            "marque": 1,
            "modele": 1,
            "annee_fabrication": 2012,
            "carburant": "Hybride (Elec - Ess)",
            "transmission": null,
            "kilometrage": 120000,
            "cruise_control": true,
            "direction_assistee": true,
            "audio_interface": true,
            "airbags": true,
            "air_conditionne": true,
            "siege_chauffant": true,
            "alarm_system": true,
            "parkassist": true,
            "camera_recul": false,
            "start_stop": false,
            "essui_auto": false,
            "car_play": false,
            "description": "Mercedes Classe A 2012, en excellent état. Cette voiture élégante et performante affiche un kilométrage de 91 000 km. Équipée de fonctionnalités modernes, elle offre une conduite confortable et sécurisée. Ne manquez pas l'opportunité de posséder cette superbe Mercedes Classe A.",
            "date_poste": "2023-11-12T19:42:24.476Z",
            "car_photo_1": "photos/2023/11/12/ClasseA1.png",
            "car_photo_2": "photos/2023/11/12/ClasseA2.png",
            "car_photo_3": "",
            "car_photo_4": "",
            "car_photo_5": "",
            "car_photo_6": "",
            "car_photo_7": "",
            "car_photo_8": "",
            "car_photo_9": "",
            "prix": "9750"
        }
    },
    {
        "model": "car_dealer.voiture",
        "pk": 3,
        "fields": {
            "reserve": false,
            "sold": false,
            "marque": 4,
            "modele": 5,
            "annee_fabrication": 2018,
            "carburant": "Hydrogene",
            "transmission": null,
            "kilometrage": 99000,
            "cruise_control": true,
            "direction_assistee": true,
            "audio_interface": true,
            "airbags": true,
            "air_conditionne": true,
            "siege_chauffant": true,
            "alarm_system": false,
            "parkassist": true,
            "camera_recul": true,
            "start_stop": true,
            "essui_auto": true,
            "car_play": true,
            "description": "Mercedes Classe A 2012, en excellent état. Cette voiture élégante et performante affiche un kilométrage de 91 000 km. Équipée de fonctionnalités modernes, elle offre une conduite confortable et sécurisée. Ne manquez pas l'opportunité de posséder cette superbe Mercedes Classe A.",
            "date_poste": "2023-11-12T19:44:15.332Z",
            "car_photo_1": "photos/2023/11/12/Clio1.png",
            "car_photo_2": "photos/2023/11/12/Clio2.png",
            "car_photo_3": "photos/2023/11/12/Clio4.png",
            "car_photo_4": "photos/2023/11/12/Clio5.png",
            "car_photo_5": "",
            "car_photo_6": "",
            "car_photo_7": "",
            "car_photo_8": "",
            "car_photo_9": "",
            "prix": "17900"
        }
    },
    {
        "model": "car_dealer.voiture",
        "pk": 4,
        "fields": {
            "reserve": true,
            "sold": false,
            "marque": 3,
            "modele": 7,
            "annee_fabrication": 2015,
            "carburant": "Essence",
            "transmission": null,
            "kilometrage": 90000,
            "cruise_control": true,
            "direction_assistee": true,
            "audio_interface": true,
            "airbags": true,
            "air_conditionne": true,
            "siege_chauffant": true,
            "alarm_system": true,
            "parkassist": true,
            "camera_recul": true,
            "start_stop": true,
            "essui_auto": true,
            "car_play": true,
            "description": "",
            "date_poste": "2023-11-12T22:25:37.142Z",
            "car_photo_1": "photos/2023/11/12/Peugeot3008_1.png",
            "car_photo_2": "photos/2023/11/12/Peugeot3008_2.png",
            "car_photo_3": "photos/2023/11/12/Peugeot3008_3.png",
            "car_photo_4": "photos/2023/11/12/Peugeot3008_4.png",
            "car_photo_5": "",
            "car_photo_6": "",
            "car_photo_7": "",
            "car_photo_8": "",
            "car_photo_9": "",
            "prix": "18680"
        }
    },
    {
        "model": "car_dealer.voiture",
        "pk": 5,
        "fields": {
            "reserve": false,
            "sold": false,
            "marque": 1,
            "modele": 2,
            "annee_fabrication": 2014,
            "carburant": "Essence",
            "transmission": "Automatique",
            "kilometrage": 13600,
            "cruise_control": true,
            "direction_assistee": true,
            "audio_interface": true,
            "airbags": true,
            "air_conditionne": true,
            "siege_chauffant": true,
            "alarm_system": true,
            "parkassist": true,
            "camera_recul": false,
            "start_stop": true,
            "essui_auto": true,
            "car_play": true,
            "description": "",
            "date_poste": "2023-11-20T00:29:31.198Z",
            "car_photo_1": "",
            "car_photo_2": "",
            "car_photo_3": "",
            "car_photo_4": "",
            "car_photo_5": "",
            "car_photo_6": "",
            "car_photo_7": "",
            "car_photo_8": "",
            "car_photo_9": "",
            "prix": "8950"
        }
    },
    {
        "model": "car_dealer.voiture",
        "pk": 6,
        "fields": {
            "reserve": false,
            "sold": false,
            "marque": 7,
            "modele": 43,
            "annee_fabrication": 2018,
            "carburant": "Hybride (Elec - Ess)",
            "transmission": "Automatique",
            "kilometrage": 69000,
            "cruise_control": true,
            "direction_assistee": true,
            "audio_interface": true,
            "airbags": true,
            "air_conditionne": true,
            "siege_chauffant": true,
            "alarm_system": true,
            "parkassist": true,
            "camera_recul": true,
            "start_stop": true,
            "essui_auto": true,
            "car_play": true,
            "description": "",
            "date_poste": "2023-11-20T00:31:06.138Z",
            "car_photo_1": "",
            "car_photo_2": "",
            "car_photo_3": "",
            "car_photo_4": "",
            "car_photo_5": "",
            "car_photo_6": "",
            "car_photo_7": "",
            "car_photo_8": "",
            "car_photo_9": "",
            "prix": "2399"
        }
    },
    {
        "model": "car_dealer.voiture",
        "pk": 7,
        "fields": {
            "reserve": false,
            "sold": false,
            "marque": 16,
            "modele": 9,
            "annee_fabrication": 2015,
            "carburant": "Essence",
            "transmission": "Manuelle",
            "kilometrage": 102000,
            "cruise_control": false,
            "direction_assistee": true,
            "audio_interface": true,
            "airbags": true,
            "air_conditionne": false,
            "siege_chauffant": false,
            "alarm_system": false,
            "parkassist": false,
            "camera_recul": false,
            "start_stop": false,
            "essui_auto": false,
            "car_play": false,
            "description": "",
            "date_poste": "2023-11-20T00:32:28.441Z",
            "car_photo_1": "",
            "car_photo_2": "",
            "car_photo_3": "",
            "car_photo_4": "",
            "car_photo_5": "",
            "car_photo_6": "",
            "car_photo_7": "",
            "car_photo_8": "",
            "car_photo_9": "",
            "prix": "3450"
        }
    },
    {
        "model": "car_dealer.voiture",
        "pk": 8,
        "fields": {
            "reserve": false,
            "sold": false,
            "marque": 6,
            "modele": 48,
            "annee_fabrication": 2013,
            "carburant": "Essence",
            "transmission": "Manuelle",
            "kilometrage": 157000,
            "cruise_control": false,
            "direction_assistee": true,
            "audio_interface": true,
            "airbags": true,
            "air_conditionne": true,
            "siege_chauffant": false,
            "alarm_system": false,
            "parkassist": true,
            "camera_recul": false,
            "start_stop": false,
            "essui_auto": true,
            "car_play": false,
            "description": "",
            "date_poste": "2023-11-20T00:34:09.493Z",
            "car_photo_1": "",
            "car_photo_2": "",
            "car_photo_3": "",
            "car_photo_4": "",
            "car_photo_5": "",
            "car_photo_6": "",
            "car_photo_7": "",
            "car_photo_8": "",
            "car_photo_9": "",
            "prix": "5600"
        }
    },
    {
        "model": "car_dealer.service",
        "pk": 1,
        "fields": {
            "nom": "Sortie-Fouriere",
            "description": "Notre service de sortie de fourrière offre une solution pratique et rapide pour nos clients engagés dans la location de plaque Z. En cas de mise en fourrière de votre véhicule, nous nous chargeons de toutes les démarches nécessaires pour récupérer votre voiture dans les plus brefs délais. Notre équipe dévouée prend en charge les formalités administratives, les paiements requis, et coordonne efficacement avec les autorités compétentes. Nous comprenons l'importance de minimiser les désagréments liés à la mise en fourrière, c'est pourquoi notre service vise à simplifier le processus de libération du véhicule. Avec notre assistance, nos clients peuvent récupérer leur voiture en toute tranquillité, sachant que nous gérons toutes les étapes nécessaires, de la récupération à la restitution du véhicule, afin de garantir une expérience de location fluide et sans tracas.",
            "prix": "350"
        }
    },
    {
        "model": "car_dealer.service",
        "pk": 2,
        "fields": {
            "nom": "Passage au controle technique de vente",
            "description": "Dans le cadre de notre activité de location de plaques Z, nous offrons un service complet de passage au contrôle technique de vente pour garantir la conformité de votre véhicule. Notre équipe dédiée se charge de toutes les démarches nécessaires pour que votre véhicule réponde aux normes et exigences en vigueur lors d'une vente. Nous prenons en charge la planification du rendez-vous au centre de contrôle technique, la préparation du véhicule, et la coordination de tous les aspects logistiques. Notre objectif est de faciliter le processus de vente de votre voiture en veillant à ce qu'elle réponde à toutes les normes de sécurité et de performance requises, offrant ainsi une tranquillité d'esprit à la fois aux vendeurs et aux acheteurs.",
            "prix": "190"
        }
    },
    {
        "model": "car_dealer.service",
        "pk": 3,
        "fields": {
            "nom": "Passage au controle technique annuel",
            "description": "Par ailleurs, dans le cadre de notre engagement envers la sécurité routière, nous proposons également un service de passage au contrôle technique annuel pour les véhicules sous notre service de location de plaques Z. Cette prestation vise à assurer que chaque véhicule reste en conformité avec les normes réglementaires en matière de sécurité et d'émissions. Notre équipe expérimentée prend en charge la planification des rendez-vous, la préparation du véhicule, et toutes les formalités administratives associées au contrôle technique annuel. En garantissant la régularité des inspections, nous contribuons à maintenir la qualité et la fiabilité de notre flotte de véhicules, assurant ainsi la sécurité de nos clients et de ceux qui partagent la route avec eux.",
            "prix": "80"
        }
    },
    {
        "model": "car_dealer.service",
        "pk": 4,
        "fields": {
            "nom": "Deplacement de vehicule courte distance",
            "description": "Notre service de déplacement de véhicule courte distance offre une solution pratique et efficace pour répondre à vos besoins de déplacement local. Que vous ayez besoin de déplacer votre véhicule d'un point A à un point B dans un rayon restreint, notre équipe dédiée est là pour vous offrir un service fiable. Que ce soit pour des besoins personnels ou professionnels, notre flotte de conducteurs expérimentés assure un transfert sûr et ponctuel de votre véhicule. Vous pouvez compter sur nous pour prendre en charge toutes les formalités nécessaires, assurant ainsi une expérience de déplacement sans tracas.",
            "prix": "60"
        }
    },
    {
        "model": "car_dealer.service",
        "pk": 5,
        "fields": {
            "nom": "Déplacement de Véhicule Longue Distance",
            "description": "Pour les déplacements nécessitant une couverture étendue, notre service de déplacement de véhicule longue distance est conçu pour répondre à vos exigences de manière efficace et professionnelle. Que vous déménagiez dans une nouvelle ville ou que vous ayez besoin de transporter votre véhicule sur de longues distances, notre équipe dévouée prend en charge toutes les étapes du processus. De la planification logistique à l'assurance d'un transport sécurisé, nous nous engageons à garantir que votre véhicule atteigne sa destination finale dans les meilleures conditions. Profitez de notre expertise pour un déplacement sans souci, où que vous soyez en Europe.",
            "prix": null
        }
    },
    {
        "model": "car_dealer.review",
        "pk": 1,
        "fields": {
            "user_id": 4,
            "comment": "Je suis extrêmement satisfait du service de déplacement de véhicule courte distance. La ponctualité et le professionnalisme de l'équipe ont dépassé mes attentes. Mon véhicule a été pris en charge avec soin, et le processus a été simple et sans tracas. C'est un service fiable et pratique que je recommande vivement à tous ceux qui ont besoin de déplacer leur véhicule localement. Bravo à l'équipe pour son excellent travail !",
            "service_id": 4
        }
    },
    {
        "model": "car_dealer.review",
        "pk": 2,
        "fields": {
            "user_id": 5,
            "comment": "Un immense merci à l'équipe pour le service exceptionnel de déplacement de véhicule longue distance. Ils ont pris en charge tous les détails, de la planification minutieuse du trajet à la livraison sécurisée à ma nouvelle destination. Mon véhicule est arrivé en parfait état, et le processus a été géré de manière transparente. C'est un soulagement de pouvoir faire confiance à des professionnels pour un déplacement sur de longues distances. Je recommande vivement ce service à tous ceux qui recherchent une solution fiable et efficace pour déplacer leur véhicule loin de chez eux.",
            "service_id": 5
        }
    },
    {
        "model": "car_dealer.review",
        "pk": 3,
        "fields": {
            "user_id": 6,
            "comment": "Je tiens à exprimer ma gratitude envers l'équipe pour le service exceptionnel de sortie de fourrière. Ils ont agi rapidement et de manière efficace pour récupérer mon véhicule, démêlant toutes les formalités administratives avec une grande expertise. Leur réactivité a grandement facilité cette situation stressante, et leur professionnalisme m'a rassuré à chaque étape du processus. Si vous vous trouvez dans une situation similaire, je recommande vivement ce service pour sa fiabilité et son engagement envers la satisfaction du client. Un grand merci pour avoir rendu ce processus aussi fluide que possible !",
            "service_id": 1
        }
    }
]